,MatchNumber,RoundNumber,DateUtc,Location,HomeTeam,AwayTeam,Group,HomeTeamScore,AwayTeamScore,retrieval_url,retrieval_datetime,game_datetime,game_url,num_possible_outcomes,team_home,team_away,odds_home,odds_away,odds_draw,outcome,score_home,score_away,year,outcome_int,proba,result,winning_team
0,1,1,2022-11-20 16:00:00Z,Al Bayt Stadium,Qatar,Ecuador,Group A,,,https://www.oddsportal.com/soccer/world/world-cup-2022/,2022-11-19 22:47:33,2022-11-21 03:00:00,https://www.oddsportal.com/soccer/world/world-cup-2022/qatar-ecuador-jsidfnm5/,3.0,Qatar,Ecuador,3.26,2.47,3.08,,,,2022,,0.4775900837,AWAY,Ecuador
1,3,1,2022-11-21 13:00:00Z,Khalifa International Stadium,England,Iran,Group B,,,https://www.oddsportal.com/soccer/world/world-cup-2022/,2022-11-19 22:47:33,2022-11-22 00:00:00,https://www.oddsportal.com/soccer/world/world-cup-2022/england-iran-0G0LfGbo/,3.0,England,Iran,1.37,11.05,4.59,,,,2022,,0.8158317169,HOME,England
2,2,1,2022-11-21 16:00:00Z,Al Thumama Stadium,Senegal,Netherlands,Group A,,,https://www.oddsportal.com/soccer/world/world-cup-2022/,2022-11-19 22:47:33,2022-11-22 03:00:00,https://www.oddsportal.com/soccer/world/world-cup-2022/senegal-netherlands-4pe0g62B/,3.0,Senegal,Netherlands,6.43,1.6,3.86,,,,2022,,0.2997949838,AWAY,Netherlands
3,4,1,2022-11-21 19:00:00Z,Ahmad Bin Ali Stadium,USA,Wales,Group B,,,https://www.oddsportal.com/soccer/world/world-cup-2022/,2022-11-19 22:47:33,2022-11-22 06:00:00,https://www.oddsportal.com/soccer/world/world-cup-2022/usa-wales-GUm04257/,3.0,USA,Wales,2.55,3.15,3.01,,,,2022,,0.5363867757,DRAW,draw
4,8,1,2022-11-22 10:00:00Z,Lusail Stadium,Argentina,Saudi Arabia,Group C,,,https://www.oddsportal.com/soccer/world/world-cup-2022/,2022-11-19 22:47:33,2022-11-22 21:00:00,https://www.oddsportal.com/soccer/world/world-cup-2022/argentina-saudi-arabia-p42XiEr4/,3.0,Argentina,Saudi Arabia,1.17,18.88,7.35,,,,2022,,0.9404326134,HOME,Argentina
5,6,1,2022-11-22 13:00:00Z,Education City Stadium,Denmark,Tunisia,Group D,,,https://www.oddsportal.com/soccer/world/world-cup-2022/,2022-11-19 22:47:33,2022-11-23 00:00:00,https://www.oddsportal.com/soccer/world/world-cup-2022/denmark-tunisia-8pCMVNR1/,3.0,Denmark,Tunisia,1.47,8.02,4.22,,,,2022,,0.7496699563,HOME,Denmark
6,7,1,2022-11-22 16:00:00Z,Stadium 974,Mexico,Poland,Group C,,,https://www.oddsportal.com/soccer/world/world-cup-2022/,2022-11-19 22:47:33,2022-11-23 03:00:00,https://www.oddsportal.com/soccer/world/world-cup-2022/mexico-poland-2ucxiYcA/,3.0,Mexico,Poland,2.82,2.81,3.07,,,,2022,,0.5132389759,DRAW,draw
7,5,1,2022-11-22 19:00:00Z,Al Janoub Stadium,France,Australia,Group D,,,https://www.oddsportal.com/soccer/world/world-cup-2022/,2022-11-19 22:47:33,2022-11-23 06:00:00,https://www.oddsportal.com/soccer/world/world-cup-2022/france-australia-IJ781Sp9/,3.0,France,Australia,1.26,12.64,6.06,,,,2022,,0.8700798359,HOME,France
8,12,1,2022-11-23 10:00:00Z,Al Bayt Stadium,Morocco,Croatia,Group F,,,https://www.oddsportal.com/soccer/world/world-cup-2022/,2022-11-19 22:47:33,2022-11-23 21:00:00,https://www.oddsportal.com/soccer/world/world-cup-2022/morocco-croatia-ARmio3Rl/,3.0,Morocco,Croatia,4.15,2.04,3.25,,,,2022,,0.4184492141,AWAY,Croatia
9,11,1,2022-11-23 13:00:00Z,Khalifa International Stadium,Germany,Japan,Group E,,,https://www.oddsportal.com/soccer/world/world-cup-2022/,2022-11-19 22:47:33,2022-11-24 00:00:00,https://www.oddsportal.com/soccer/world/world-cup-2022/germany-japan-rH3ChoZE/,3.0,Germany,Japan,1.5,6.72,4.55,,,,2022,,0.7322833824,HOME,Germany
10,10,1,2022-11-23 16:00:00Z,Al Thumama Stadium,Spain,Costa Rica,Group E,,,https://www.oddsportal.com/soccer/world/world-cup-2022/,2022-11-19 22:47:33,2022-11-24 03:00:00,https://www.oddsportal.com/soccer/world/world-cup-2022/spain-costa-rica-YXjQDWEJ/,3.0,Spain,Costa Rica,1.17,19.96,7.21,,,,2022,,0.9452499661,HOME,Spain
11,9,1,2022-11-23 19:00:00Z,Ahmad Bin Ali Stadium,Belgium,Canada,Group F,,,https://www.oddsportal.com/soccer/world/world-cup-2022/,2022-11-19 22:47:33,2022-11-24 06:00:00,https://www.oddsportal.com/soccer/world/world-cup-2022/belgium-canada-hjgnnqCr/,3.0,Belgium,Canada,1.52,6.35,4.44,,,,2022,,0.7204432422,HOME,Belgium
12,13,1,2022-11-24 10:00:00Z,Al Janoub Stadium,Switzerland,Cameroon,Group G,,,https://www.oddsportal.com/soccer/world/world-cup-2022/,2022-11-19 22:47:33,2022-11-24 21:00:00,https://www.oddsportal.com/soccer/world/world-cup-2022/switzerland-cameroon-4pXg5OIK/,3.0,Switzerland,Cameroon,1.72,5.52,3.58,,,,2022,,0.6640563063,HOME,Switzerland
13,14,1,2022-11-24 13:00:00Z,Education City Stadium,Uruguay,South Korea,Group H,,,https://www.oddsportal.com/soccer/world/world-cup-2022/,2022-11-19 22:47:33,2022-11-25 00:00:00,https://www.oddsportal.com/soccer/world/world-cup-2022/uruguay-south-korea-GpSZeKu7/,3.0,Uruguay,South Korea,1.8,5.07,3.47,,,,2022,,0.6453673884,HOME,Uruguay
14,15,1,2022-11-24 16:00:00Z,Stadium 974,Portugal,Ghana,Group H,,,https://www.oddsportal.com/soccer/world/world-cup-2022/,2022-11-19 22:47:33,2022-11-25 03:00:00,https://www.oddsportal.com/soccer/world/world-cup-2022/portugal-ghana-zZAxc0Q0/,3.0,Portugal,Ghana,1.38,9.72,4.71,,,,2022,,0.7970210381,HOME,Portugal
15,16,1,2022-11-24 19:00:00Z,Lusail Stadium,Brazil,Serbia,Group G,,,https://www.oddsportal.com/soccer/world/world-cup-2022/,2022-11-19 22:47:33,2022-11-25 06:00:00,https://www.oddsportal.com/soccer/world/world-cup-2022/brazil-serbia-zBSk643E/,3.0,Brazil,Serbia,1.46,7.37,4.62,,,,2022,,0.74902368,HOME,Brazil
16,17,2,2022-11-25 10:00:00Z,Ahmad Bin Ali Stadium,Wales,Iran,Group B,,,https://www.oddsportal.com/soccer/world/world-cup-2022/,2022-11-19 22:47:33,2022-11-25 21:00:00,https://www.oddsportal.com/soccer/world/world-cup-2022/wales-iran-4psrTor8/,3.0,Wales,Iran,2.37,3.36,3.08,,,,2022,,0.5554403218,DRAW,draw
17,18,2,2022-11-25 13:00:00Z,Al Thumama Stadium,Qatar,Senegal,Group A,,,https://www.oddsportal.com/soccer/world/world-cup-2022/,2022-11-19 22:47:33,2022-11-26 00:00:00,https://www.oddsportal.com/soccer/world/world-cup-2022/qatar-senegal-n9p5hQHH/,3.0,Qatar,Senegal,3.58,2.21,3.21,,,,2022,,0.4560778249,AWAY,Senegal
18,19,2,2022-11-25 16:00:00Z,Khalifa International Stadium,Netherlands,Ecuador,Group A,,,https://www.oddsportal.com/soccer/world/world-cup-2022/,2022-11-19 22:47:33,2022-11-26 03:00:00,https://www.oddsportal.com/soccer/world/world-cup-2022/netherlands-ecuador-Qaq9ipXN/,3.0,Netherlands,Ecuador,1.59,6.07,3.99,,,,2022,,0.696840631,HOME,Netherlands
19,20,2,2022-11-25 19:00:00Z,Al Bayt Stadium,England,USA,Group B,,,https://www.oddsportal.com/soccer/world/world-cup-2022/,2022-11-19 22:47:33,2022-11-26 06:00:00,https://www.oddsportal.com/soccer/world/world-cup-2022/england-usa-Cj4PgzEi/,3.0,England,USA,1.6,5.92,3.93,,,,2022,,0.6911151156,HOME,England
20,21,2,2022-11-26 10:00:00Z,Al Janoub Stadium,Tunisia,Australia,Group D,,,https://www.oddsportal.com/soccer/world/world-cup-2022/,2022-11-19 22:47:33,2022-11-26 21:00:00,https://www.oddsportal.com/soccer/world/world-cup-2022/tunisia-australia-bVO50n0F/,3.0,Tunisia,Australia,2.45,2.86,3.16,,,,2022,,0.5284673194,AWAY,Australia
21,22,2,2022-11-26 13:00:00Z,Education City Stadium,Poland,Saudi Arabia,Group C,,,https://www.oddsportal.com/soccer/world/world-cup-2022/,2022-11-19 22:47:33,2022-11-27 00:00:00,https://www.oddsportal.com/soccer/world/world-cup-2022/poland-saudi-arabia-YRJ9YPsq/,3.0,Poland,Saudi Arabia,1.65,5.77,3.74,,,,2022,,0.6788984003,HOME,Poland
22,23,2,2022-11-26 16:00:00Z,Stadium 974,France,Denmark,Group D,,,https://www.oddsportal.com/soccer/world/world-cup-2022/,2022-11-19 22:47:33,2022-11-27 03:00:00,https://www.oddsportal.com/soccer/world/world-cup-2022/france-denmark-M1F3f742/,3.0,France,Denmark,2.01,4.04,3.3,,,,2022,,0.6023349324,HOME,France
23,24,2,2022-11-26 19:00:00Z,Lusail Stadium,Argentina,Mexico,Group C,,,https://www.oddsportal.com/soccer/world/world-cup-2022/,2022-11-19 22:47:33,2022-11-27 06:00:00,https://www.oddsportal.com/soccer/world/world-cup-2022/argentina-mexico-tWetjhDG/,3.0,Argentina,Mexico,1.5,7.12,4.14,,,,2022,,0.7281045071,HOME,Argentina
24,25,2,2022-11-27 10:00:00Z,Ahmad Bin Ali Stadium,Japan,Costa Rica,Group E,,,https://www.oddsportal.com/soccer/world/world-cup-2022/,2022-11-19 22:47:33,2022-11-27 21:00:00,https://www.oddsportal.com/soccer/world/world-cup-2022/japan-costa-rica-COkUCjUP/,3.0,Japan,Costa Rica,1.65,5.84,3.72,,,,2022,,0.6798000913,HOME,Japan
25,26,2,2022-11-27 13:00:00Z,Al Thumama Stadium,Belgium,Morocco,Group F,,,https://www.oddsportal.com/soccer/world/world-cup-2022/,2022-11-19 22:47:33,2022-11-28 00:00:00,https://www.oddsportal.com/soccer/world/world-cup-2022/belgium-morocco-lInepNte/,3.0,Belgium,Morocco,1.61,5.65,4.04,,,,2022,,0.6882330676,HOME,Belgium
26,27,2,2022-11-27 16:00:00Z,Khalifa International Stadium,Croatia,Canada,Group F,,,https://www.oddsportal.com/soccer/world/world-cup-2022/,2022-11-19 22:47:33,2022-11-28 03:00:00,https://www.oddsportal.com/soccer/world/world-cup-2022/croatia-canada-runaqsd1/,3.0,Croatia,Canada,1.75,4.86,3.7,,,,2022,,0.6512496138,HOME,Croatia
27,28,2,2022-11-27 19:00:00Z,Al Bayt Stadium,Spain,Germany,Group E,,,https://www.oddsportal.com/soccer/world/world-cup-2022/,2022-11-19 22:47:33,2022-11-28 06:00:00,https://www.oddsportal.com/soccer/world/world-cup-2022/spain-germany-dK7Gi5lL/,3.0,Spain,Germany,2.57,2.74,3.42,,,,2022,,0.540168674,DRAW,draw
28,29,2,2022-11-28 10:00:00Z,Al Janoub Stadium,Cameroon,Serbia,Group G,,,https://www.oddsportal.com/soccer/world/world-cup-2022/,2022-11-19 22:47:33,2022-11-28 21:00:00,https://www.oddsportal.com/soccer/world/world-cup-2022/cameroon-serbia-lI8Qa2tr/,3.0,Cameroon,Serbia,4.9,1.8,3.49,,,,2022,,0.376670717,AWAY,Serbia
29,30,2,2022-11-28 13:00:00Z,Education City Stadium,South Korea,Ghana,Group H,,,https://www.oddsportal.com/soccer/world/world-cup-2022/,2022-11-19 22:47:33,2022-11-29 00:00:00,https://www.oddsportal.com/soccer/world/world-cup-2022/south-korea-ghana-8vFLJNXD/,3.0,South Korea,Ghana,2.61,3.01,3.02,,,,2022,,0.5294818648,DRAW,draw
30,31,2,2022-11-28 16:00:00Z,Stadium 974,Brazil,Switzerland,Group G,,,https://www.oddsportal.com/soccer/world/world-cup-2022/,2022-11-19 22:47:33,2022-11-29 03:00:00,https://www.oddsportal.com/soccer/world/world-cup-2022/brazil-switzerland-ryWc4rYQ/,3.0,Brazil,Switzerland,1.49,6.94,4.28,,,,2022,,0.7291482952,HOME,Brazil
31,32,2,2022-11-28 19:00:00Z,Lusail Stadium,Portugal,Uruguay,Group H,,,https://www.oddsportal.com/soccer/world/world-cup-2022/,2022-11-19 22:47:33,2022-11-29 06:00:00,https://www.oddsportal.com/soccer/world/world-cup-2022/portugal-uruguay-fyRweveD/,3.0,Portugal,Uruguay,2.09,3.73,3.33,,,,2022,,0.5910011239,HOME,Portugal
32,35,3,2022-11-29 15:00:00Z,Khalifa International Stadium,Ecuador,Senegal,Group A,,,https://www.oddsportal.com/soccer/world/world-cup-2022/,2022-11-19 22:47:33,2022-11-30 02:00:00,https://www.oddsportal.com/soccer/world/world-cup-2022/ecuador-senegal-drzunOfo/,3.0,Ecuador,Senegal,2.74,2.7,3.22,,,,2022,,0.5210708319,DRAW,draw
33,36,3,2022-11-29 15:00:00Z,Al Bayt Stadium,Netherlands,Qatar,Group A,,,https://www.oddsportal.com/soccer/world/world-cup-2022/,2022-11-19 22:47:33,2022-11-30 02:00:00,https://www.oddsportal.com/soccer/world/world-cup-2022/netherlands-qatar-fZmDj4nU/,3.0,Netherlands,Qatar,1.26,11.93,6.01,,,,2022,,0.8607240782,HOME,Netherlands
34,33,3,2022-11-29 19:00:00Z,Ahmad Bin Ali Stadium,Wales,England,Group B,,,https://www.oddsportal.com/soccer/world/world-cup-2022/,2022-11-19 22:47:33,2022-11-30 06:00:00,https://www.oddsportal.com/soccer/world/world-cup-2022/wales-england-rytnS5cE/,3.0,Wales,England,5.94,1.61,3.93,,,,2022,,0.328525274,AWAY,England
35,34,3,2022-11-29 19:00:00Z,Al Thumama Stadium,Iran,USA,Group B,,,https://www.oddsportal.com/soccer/world/world-cup-2022/,2022-11-19 22:47:33,2022-11-30 06:00:00,https://www.oddsportal.com/soccer/world/world-cup-2022/iran-usa-6D3ThfTc/,3.0,Iran,USA,4.11,1.96,3.43,,,,2022,,0.4255350108,AWAY,USA
36,37,3,2022-11-30 15:00:00Z,Al Janoub Stadium,Australia,Denmark,Group D,,,https://www.oddsportal.com/soccer/world/world-cup-2022/,2022-11-19 22:47:33,2022-12-01 02:00:00,https://www.oddsportal.com/soccer/world/world-cup-2022/australia-denmark-xMN9a6FL/,3.0,Australia,Denmark,6.85,1.5,4.3,,,,2022,,0.2898447944,AWAY,Denmark
37,38,3,2022-11-30 15:00:00Z,Education City Stadium,Tunisia,France,Group D,,,https://www.oddsportal.com/soccer/world/world-cup-2022/,2022-11-19 22:47:33,2022-12-01 02:00:00,https://www.oddsportal.com/soccer/world/world-cup-2022/tunisia-france-0hE7gRJ8/,3.0,Tunisia,France,10.42,1.33,5.06,,,,2022,,0.1563802831,AWAY,France
38,39,3,2022-11-30 19:00:00Z,Stadium 974,Poland,Argentina,Group C,,,https://www.oddsportal.com/soccer/world/world-cup-2022/,2022-11-19 22:47:33,2022-12-01 06:00:00,https://www.oddsportal.com/soccer/world/world-cup-2022/poland-argentina-nVNDXqck/,3.0,Poland,Argentina,5.2,1.68,3.85,,,,2022,,0.3691339761,AWAY,Argentina
39,40,3,2022-11-30 19:00:00Z,Lusail Stadium,Saudi Arabia,Mexico,Group C,,,https://www.oddsportal.com/soccer/world/world-cup-2022/,2022-11-19 22:47:33,2022-12-01 06:00:00,https://www.oddsportal.com/soccer/world/world-cup-2022/saudi-arabia-mexico-UgDIW3Ce/,3.0,Saudi Arabia,Mexico,5.45,1.68,3.74,,,,2022,,0.3509767231,AWAY,Mexico
40,41,3,2022-12-01 15:00:00Z,Ahmad Bin Ali Stadium,Croatia,Belgium,Group F,,,https://www.oddsportal.com/soccer/world/world-cup-2022/,2022-11-19 22:47:33,2022-12-02 02:00:00,https://www.oddsportal.com/soccer/world/world-cup-2022/croatia-belgium-fFk3r1B7/,3.0,Croatia,Belgium,3.41,2.2,3.37,,,,2022,,0.4723664172,AWAY,Belgium
41,42,3,2022-12-01 15:00:00Z,Al Thumama Stadium,Canada,Morocco,Group F,,,https://www.oddsportal.com/soccer/world/world-cup-2022/,2022-11-19 22:47:33,2022-12-02 02:00:00,https://www.oddsportal.com/soccer/world/world-cup-2022/canada-morocco-dKTo7pl8/,3.0,Canada,Morocco,3.12,2.35,3.32,,,,2022,,0.4923019169,AWAY,Morocco
42,43,3,2022-12-01 19:00:00Z,Khalifa International Stadium,Japan,Spain,Group E,,,https://www.oddsportal.com/soccer/world/world-cup-2022/,2022-11-19 22:47:33,2022-12-02 06:00:00,https://www.oddsportal.com/soccer/world/world-cup-2022/japan-spain-js7KjP3R/,3.0,Japan,Spain,7.02,1.45,4.66,,,,2022,,0.2913391269,AWAY,Spain
43,44,3,2022-12-01 19:00:00Z,Al Bayt Stadium,Costa Rica,Germany,Group E,,,https://www.oddsportal.com/soccer/world/world-cup-2022/,2022-11-19 22:47:33,2022-12-02 06:00:00,https://www.oddsportal.com/soccer/world/world-cup-2022/costa-rica-germany-I5Sd8Axs/,3.0,Costa Rica,Germany,12.67,1.26,5.84,,,,2022,,0.1058948046,AWAY,Germany
44,45,3,2022-12-02 15:00:00Z,Al Janoub Stadium,Ghana,Uruguay,Group H,,,https://www.oddsportal.com/soccer/world/world-cup-2022/,2022-11-19 22:47:33,2022-12-03 02:00:00,https://www.oddsportal.com/soccer/world/world-cup-2022/ghana-uruguay-468UH12Q/,3.0,Ghana,Uruguay,4.89,1.78,3.54,,,,2022,,0.3785558923,AWAY,Uruguay
45,46,3,2022-12-02 15:00:00Z,Education City Stadium,South Korea,Portugal,Group H,,,https://www.oddsportal.com/soccer/world/world-cup-2022/,2022-11-19 22:47:33,2022-12-03 02:00:00,https://www.oddsportal.com/soccer/world/world-cup-2022/south-korea-portugal-MsJPIsmK/,3.0,South Korea,Portugal,5.96,1.55,4.28,,,,2022,,0.3378522019,AWAY,Portugal
46,47,3,2022-12-02 19:00:00Z,Stadium 974,Serbia,Switzerland,Group G,,,https://www.oddsportal.com/soccer/world/world-cup-2022/,2022-11-19 22:47:33,2022-12-03 06:00:00,https://www.oddsportal.com/soccer/world/world-cup-2022/serbia-switzerland-drCYctBf/,3.0,Serbia,Switzerland,2.71,2.67,3.29,,,,2022,,0.5248131468,DRAW,draw
47,48,3,2022-12-02 19:00:00Z,Lusail Stadium,Cameroon,Brazil,Group G,,,https://www.oddsportal.com/soccer/world/world-cup-2022/,2022-11-19 22:47:33,2022-12-03 06:00:00,https://www.oddsportal.com/soccer/world/world-cup-2022/cameroon-brazil-2LCUbMel/,3.0,Cameroon,Brazil,12.78,1.25,5.98,,,,2022,,0.1052225963,AWAY,Brazil
48,49,4,2022-12-03 15:00:00Z,TBA,1A,2B,,,,,,,,,,,,,,,,,,,,,
49,50,4,2022-12-03 19:00:00Z,TBA,1C,2D,,,,,,,,,,,,,,,,,,,,,
50,52,4,2022-12-04 15:00:00Z,TBA,1D,2C,,,,,,,,,,,,,,,,,,,,,
51,51,4,2022-12-04 19:00:00Z,TBA,1B,2A,,,,,,,,,,,,,,,,,,,,,
52,53,4,2022-12-05 15:00:00Z,TBA,1E,2F,,,,,,,,,,,,,,,,,,,,,
53,54,4,2022-12-05 19:00:00Z,TBA,1G,2H,,,,,,,,,,,,,,,,,,,,,
54,55,4,2022-12-06 15:00:00Z,TBA,1F,2E,,,,,,,,,,,,,,,,,,,,,
55,56,4,2022-12-06 19:00:00Z,TBA,1H,2G,,,,,,,,,,,,,,,,,,,,,
56,58,5,2022-12-09 15:00:00Z,TBA,To be announced,To be announced,,,,,,,,,,,,,,,,,,,,,
57,57,5,2022-12-09 19:00:00Z,TBA,To be announced,To be announced,,,,,,,,,,,,,,,,,,,,,
58,60,5,2022-12-10 15:00:00Z,TBA,To be announced,To be announced,,,,,,,,,,,,,,,,,,,,,
59,59,5,2022-12-10 19:00:00Z,TBA,To be announced,To be announced,,,,,,,,,,,,,,,,,,,,,
60,61,6,2022-12-13 19:00:00Z,TBA,To be announced,To be announced,,,,,,,,,,,,,,,,,,,,,
61,62,6,2022-12-14 19:00:00Z,TBA,To be announced,To be announced,,,,,,,,,,,,,,,,,,,,,
62,63,7,2022-12-17 15:00:00Z,TBA,To be announced,To be announced,,,,,,,,,,,,,,,,,,,,,
63,64,7,2022-12-18 15:00:00Z,TBA,To be announced,To be announced,,,,,,,,,,,,,,,,,,,,,